B2C Student Mobility				
				
	MTD	H2 (Oct-Mar)	YTD (From 1/4/2026)	H1 (Apr-Sep)
Particulars	Amount (INR CR.)	Amount (INR CR.)	Amount (INR CR.)	Amount (INR CR.)
=IF(G7="","",G7)	=('Daily Cash Flow - Final_7 Sep'!$C$156+SUMIFS('Daily Cash Flow - Final_7 Sep'!$I$3:$I$367,'Daily Cash Flow - Final_7 Sep'!$B$3:$B$367,">="&DATE(2026,9,1),'Daily Cash Flow - Final_7 Sep'!$B$3:$B$367,"<"&$R$27)-SUMIFS('Daily Cash Flow - Final_7 Sep'!$Q$3:$Q$367,'Daily Cash Flow - Final_7 Sep'!$B$3:$B$367,">="&DATE(2026,9,1),'Daily Cash Flow - Final_7 Sep'!$B$3:$B$367,"<"&$R$27))/10000000	=('Daily Cash Flow - Final_7 Sep'!$C$156+SUMIFS('Daily Cash Flow - Final_7 Sep'!$I$3:$I$367,'Daily Cash Flow - Final_7 Sep'!$B$3:$B$367,">="&DATE(2026,9,1),'Daily Cash Flow - Final_7 Sep'!$B$3:$B$367,"<"&DATE(2026,10,1))-SUMIFS('Daily Cash Flow - Final_7 Sep'!$Q$3:$Q$367,'Daily Cash Flow - Final_7 Sep'!$B$3:$B$367,">="&DATE(2026,9,1),'Daily Cash Flow - Final_7 Sep'!$B$3:$B$367,"<"&DATE(2026,10,1)))/10000000	=U7	='Daily Cash Flow - Final_7 Sep'!C3/10000000
				
=IF(G9="","",G9)	=SUM(R10:R14)	=SUM(S10:S14)	=SUM(T10:T14)	=SUM(U10:U14)
=IF(G10="","",G10)	=SUMIFS('Daily Cash Flow - Final_7 Sep'!D$3:D$367,'Daily Cash Flow - Final_7 Sep'!$B$3:$B$367,">="&$R$27,'Daily Cash Flow - Final_7 Sep'!$B$3:$B$367,"<="&$R$28)/10000000	=SUMIFS('Daily Cash Flow - Final_7 Sep'!D$3:D$367,'Daily Cash Flow - Final_7 Sep'!$B$3:$B$367,">="&DATE(2026,10,1),'Daily Cash Flow - Final_7 Sep'!$B$3:$B$367,"<="&MIN(DATE(2027,3,31),$R$28))/10000000	=S10+U10	=(SUMIFS('Daily Cash Flow - Final_7 Sep'!D$3:D$367,'Daily Cash Flow - Final_7 Sep'!$B$3:$B$367,">="&DATE(2026,4,1),'Daily Cash Flow - Final_7 Sep'!$B$3:$B$367,"<="&MIN(DATE(2026,9,30),$R$28))+600000)/10000000
=IF(G11="","",G11)	=SUMIFS('Daily Cash Flow - Final_7 Sep'!E$3:E$367,'Daily Cash Flow - Final_7 Sep'!$B$3:$B$367,">="&$R$27,'Daily Cash Flow - Final_7 Sep'!$B$3:$B$367,"<="&$R$28)/10000000	=SUMIFS('Daily Cash Flow - Final_7 Sep'!E$3:E$367,'Daily Cash Flow - Final_7 Sep'!$B$3:$B$367,">="&DATE(2026,10,1),'Daily Cash Flow - Final_7 Sep'!$B$3:$B$367,"<="&MIN(DATE(2027,3,31),$R$28))/10000000	=S11+U11	=(SUMIFS('Daily Cash Flow - Final_7 Sep'!E$3:E$367,'Daily Cash Flow - Final_7 Sep'!$B$3:$B$367,">="&DATE(2026,4,1),'Daily Cash Flow - Final_7 Sep'!$B$3:$B$367,"<="&MIN(DATE(2026,9,30),$R$28)))/10000000
=IF(G12="","",G12)	=SUMIFS('Daily Cash Flow - Final_7 Sep'!F$3:F$367,'Daily Cash Flow - Final_7 Sep'!$B$3:$B$367,">="&$R$27,'Daily Cash Flow - Final_7 Sep'!$B$3:$B$367,"<="&$R$28)/10000000	=SUMIFS('Daily Cash Flow - Final_7 Sep'!F$3:F$367,'Daily Cash Flow - Final_7 Sep'!$B$3:$B$367,">="&DATE(2026,10,1),'Daily Cash Flow - Final_7 Sep'!$B$3:$B$367,"<="&MIN(DATE(2027,3,31),$R$28))/10000000	=S12+U12	=(SUMIFS('Daily Cash Flow - Final_7 Sep'!F$3:F$367,'Daily Cash Flow - Final_7 Sep'!$B$3:$B$367,">="&DATE(2026,4,1),'Daily Cash Flow - Final_7 Sep'!$B$3:$B$367,"<="&MIN(DATE(2026,9,30),$R$28)))/10000000
=IF(G13="","",G13)	=SUMIFS('Daily Cash Flow - Final_7 Sep'!G$3:G$367,'Daily Cash Flow - Final_7 Sep'!$B$3:$B$367,">="&$R$27,'Daily Cash Flow - Final_7 Sep'!$B$3:$B$367,"<="&$R$28)/10000000	=SUMIFS('Daily Cash Flow - Final_7 Sep'!G$3:G$367,'Daily Cash Flow - Final_7 Sep'!$B$3:$B$367,">="&DATE(2026,10,1),'Daily Cash Flow - Final_7 Sep'!$B$3:$B$367,"<="&MIN(DATE(2027,3,31),$R$28))/10000000	=S13+U13	=(SUMIFS('Daily Cash Flow - Final_7 Sep'!G$3:G$367,'Daily Cash Flow - Final_7 Sep'!$B$3:$B$367,">="&DATE(2026,4,1),'Daily Cash Flow - Final_7 Sep'!$B$3:$B$367,"<="&MIN(DATE(2026,9,30),$R$28)))/10000000
=IF(G14="","",G14)	=SUMIFS('Daily Cash Flow - Final_7 Sep'!H$3:H$367,'Daily Cash Flow - Final_7 Sep'!$B$3:$B$367,">="&$R$27,'Daily Cash Flow - Final_7 Sep'!$B$3:$B$367,"<="&$R$28)/10000000	=SUMIFS('Daily Cash Flow - Final_7 Sep'!H$3:H$367,'Daily Cash Flow - Final_7 Sep'!$B$3:$B$367,">="&DATE(2026,10,1),'Daily Cash Flow - Final_7 Sep'!$B$3:$B$367,"<="&MIN(DATE(2027,3,31),$R$28))/10000000	=S14+U14	=(SUMIFS('Daily Cash Flow - Final_7 Sep'!H$3:H$367,'Daily Cash Flow - Final_7 Sep'!$B$3:$B$367,">="&DATE(2026,4,1),'Daily Cash Flow - Final_7 Sep'!$B$3:$B$367,"<="&MIN(DATE(2026,9,30),$R$28)))/10000000
				
=IF(G16="","",G16)	=SUM(R17:R23)	=SUM(S17:S23)	=SUM(T17:T23)	=SUM(U17:U23)
=IF(G17="","",G17)	=SUMIFS('Daily Cash Flow - Final_7 Sep'!J$3:J$367,'Daily Cash Flow - Final_7 Sep'!$B$3:$B$367,">="&$R$27,'Daily Cash Flow - Final_7 Sep'!$B$3:$B$367,"<="&$R$28)/10000000	=SUMIFS('Daily Cash Flow - Final_7 Sep'!J$3:J$367,'Daily Cash Flow - Final_7 Sep'!$B$3:$B$367,">="&DATE(2026,10,1),'Daily Cash Flow - Final_7 Sep'!$B$3:$B$367,"<="&MIN(DATE(2027,3,31),$R$28))/10000000	=S17+U17	=SUMIFS('Daily Cash Flow - Final_7 Sep'!J$3:J$367,'Daily Cash Flow - Final_7 Sep'!$B$3:$B$367,">="&DATE(2026,4,1),'Daily Cash Flow - Final_7 Sep'!$B$3:$B$367,"<="&MIN(DATE(2026,9,30),$R$28))/10000000
=IF(G18="","",G18)	=SUMIFS('Daily Cash Flow - Final_7 Sep'!K$3:K$367,'Daily Cash Flow - Final_7 Sep'!$B$3:$B$367,">="&$R$27,'Daily Cash Flow - Final_7 Sep'!$B$3:$B$367,"<="&$R$28)/10000000	=SUMIFS('Daily Cash Flow - Final_7 Sep'!K$3:K$367,'Daily Cash Flow - Final_7 Sep'!$B$3:$B$367,">="&DATE(2026,10,1),'Daily Cash Flow - Final_7 Sep'!$B$3:$B$367,"<="&MIN(DATE(2027,3,31),$R$28))/10000000	=S18+U18	=SUMIFS('Daily Cash Flow - Final_7 Sep'!K$3:K$367,'Daily Cash Flow - Final_7 Sep'!$B$3:$B$367,">="&DATE(2026,4,1),'Daily Cash Flow - Final_7 Sep'!$B$3:$B$367,"<="&MIN(DATE(2026,9,30),$R$28))/10000000
=IF(G19="","",G19)	=SUMIFS('Daily Cash Flow - Final_7 Sep'!L$3:L$367,'Daily Cash Flow - Final_7 Sep'!$B$3:$B$367,">="&$R$27,'Daily Cash Flow - Final_7 Sep'!$B$3:$B$367,"<="&$R$28)/10000000	=SUMIFS('Daily Cash Flow - Final_7 Sep'!L$3:L$367,'Daily Cash Flow - Final_7 Sep'!$B$3:$B$367,">="&DATE(2026,10,1),'Daily Cash Flow - Final_7 Sep'!$B$3:$B$367,"<="&MIN(DATE(2027,3,31),$R$28))/10000000	=S19+U19	=SUMIFS('Daily Cash Flow - Final_7 Sep'!L$3:L$367,'Daily Cash Flow - Final_7 Sep'!$B$3:$B$367,">="&DATE(2026,4,1),'Daily Cash Flow - Final_7 Sep'!$B$3:$B$367,"<="&MIN(DATE(2026,9,30),$R$28))/10000000
=IF(G20="","",G20)	=SUMIFS('Daily Cash Flow - Final_7 Sep'!M$3:M$367,'Daily Cash Flow - Final_7 Sep'!$B$3:$B$367,">="&$R$27,'Daily Cash Flow - Final_7 Sep'!$B$3:$B$367,"<="&$R$28)/10000000	=SUMIFS('Daily Cash Flow - Final_7 Sep'!M$3:M$367,'Daily Cash Flow - Final_7 Sep'!$B$3:$B$367,">="&DATE(2026,10,1),'Daily Cash Flow - Final_7 Sep'!$B$3:$B$367,"<="&MIN(DATE(2027,3,31),$R$28))/10000000	=S20+U20	=SUMIFS('Daily Cash Flow - Final_7 Sep'!M$3:M$367,'Daily Cash Flow - Final_7 Sep'!$B$3:$B$367,">="&DATE(2026,4,1),'Daily Cash Flow - Final_7 Sep'!$B$3:$B$367,"<="&MIN(DATE(2026,9,30),$R$28))/10000000
=IF(G21="","",G21)	=SUMIFS('Daily Cash Flow - Final_7 Sep'!N$3:N$367,'Daily Cash Flow - Final_7 Sep'!$B$3:$B$367,">="&$R$27,'Daily Cash Flow - Final_7 Sep'!$B$3:$B$367,"<="&$R$28)/10000000	=SUMIFS('Daily Cash Flow - Final_7 Sep'!N$3:N$367,'Daily Cash Flow - Final_7 Sep'!$B$3:$B$367,">="&DATE(2026,10,1),'Daily Cash Flow - Final_7 Sep'!$B$3:$B$367,"<="&MIN(DATE(2027,3,31),$R$28))/10000000	=S21+U21	=SUMIFS('Daily Cash Flow - Final_7 Sep'!N$3:N$367,'Daily Cash Flow - Final_7 Sep'!$B$3:$B$367,">="&DATE(2026,4,1),'Daily Cash Flow - Final_7 Sep'!$B$3:$B$367,"<="&MIN(DATE(2026,9,30),$R$28))/10000000
=IF(G22="","",G22)	=SUMIFS('Daily Cash Flow - Final_7 Sep'!O$3:O$367,'Daily Cash Flow - Final_7 Sep'!$B$3:$B$367,">="&$R$27,'Daily Cash Flow - Final_7 Sep'!$B$3:$B$367,"<="&$R$28)/10000000	=SUMIFS('Daily Cash Flow - Final_7 Sep'!O$3:O$367,'Daily Cash Flow - Final_7 Sep'!$B$3:$B$367,">="&DATE(2026,10,1),'Daily Cash Flow - Final_7 Sep'!$B$3:$B$367,"<="&MIN(DATE(2027,3,31),$R$28))/10000000	=S22+U22	=SUMIFS('Daily Cash Flow - Final_7 Sep'!O$3:O$367,'Daily Cash Flow - Final_7 Sep'!$B$3:$B$367,">="&DATE(2026,4,1),'Daily Cash Flow - Final_7 Sep'!$B$3:$B$367,"<="&MIN(DATE(2026,9,30),$R$28))/10000000
=IF(G23="","",G23)	=SUMIFS('Daily Cash Flow - Final_7 Sep'!P$3:P$367,'Daily Cash Flow - Final_7 Sep'!$B$3:$B$367,">="&$R$27,'Daily Cash Flow - Final_7 Sep'!$B$3:$B$367,"<="&$R$28)/10000000	=SUMIFS('Daily Cash Flow - Final_7 Sep'!P$3:P$367,'Daily Cash Flow - Final_7 Sep'!$B$3:$B$367,">="&DATE(2026,10,1),'Daily Cash Flow - Final_7 Sep'!$B$3:$B$367,"<="&MIN(DATE(2027,3,31),$R$28))/10000000	=S23+U23	=SUMIFS('Daily Cash Flow - Final_7 Sep'!P$3:P$367,'Daily Cash Flow - Final_7 Sep'!$B$3:$B$367,">="&DATE(2026,4,1),'Daily Cash Flow - Final_7 Sep'!$B$3:$B$367,"<="&MIN(DATE(2026,9,30),$R$28))/10000000
				
=IF(G25="","",G25)	=R7+R9-R16	=S7+S9-S16	=T7+T9-T16	=U7+U9-U16
				
MTD from (1st of D-1's month)	=DATE(YEAR(TODAY()-1),MONTH(TODAY()-1),1)			
MTD to (yesterday)	=TODAY()-1			
